<?xml version='1.0' encoding="utf-8"?>
<toc version="2.0">
    <tocitem target="bsjg133.html">MATLAB Mobile
        <tocitem target="bsjg133.html" image="HelpIcon.GETTING_STARTED">
            Setup and User Guide
            <tocitem target="bsjbpgc-1.html">Installing MATLAB Connector on Your Computer
                <tocitem target="bsjbpgc-1.html#bsjnj3b">Downloading the Connector
                </tocitem>
                <tocitem target="bsjbpgc-1.html#bsdkol-1">Turning the Connector On
                </tocitem>
                <tocitem target="bsjbpgc-1.html#bskcd0d">Changing the Port
                </tocitem>
            </tocitem>
            <tocitem target="bsjbo_a-1.html">Installing MATLAB Mobile on Your Device
                <tocitem target="bsjbo_a-1.html#bsjdks6">Downloading the Application
                </tocitem>
                <tocitem target="bsjbo_a-1.html#bsjgo5v-1">Identifying Your Computer
                </tocitem>
            </tocitem>
            <tocitem target="bsjbphc-1.html">Troubleshooting and Tips
                <tocitem target="bsjbphc-1.html#bsjdkqq-1">Troubleshooting the Connection
                </tocitem>
                <tocitem target="bsjbphc-1.html#bsjngrv">Tips
                </tocitem>
                <tocitem target="bsjbphc-1.html#bsjq6_i">Limitations
                </tocitem>
            </tocitem>
        </tocitem>
         <!-- Function reference -->
        <tocitem target="connector.html" image="HelpIcon.FUNCTION">connector 
        </tocitem> 
    </tocitem>
</toc>